route_name,route_link
Vijayawada to Hyderabad,https://www.redbus.in/bus-tickets/vijayawada-to-hyderabad
Hyderabad to Vijayawada,https://www.redbus.in/bus-tickets/hyderabad-to-vijayawada
Kakinada to Visakhapatnam,https://www.redbus.in/bus-tickets/kakinada-to-visakhapatnam
Visakhapatnam to Kakinada,https://www.redbus.in/bus-tickets/visakhapatnam-to-kakinada
Chittoor (Andhra Pradesh) to Bangalore,https://www.redbus.in/bus-tickets/chittoor-andhra-pradesh-to-bangalore
Kadapa to Bangalore,https://www.redbus.in/bus-tickets/kadapa-to-bangalore
Anantapur (andhra pradesh) to Bangalore,https://www.redbus.in/bus-tickets/ananthapur-to-bangalore
Tirupati to Bangalore,https://www.redbus.in/bus-tickets/tirupathi-to-bangalore
Visakhapatnam to Vijayawada,https://www.redbus.in/bus-tickets/visakhapatnam-to-vijayawada
Ongole to Hyderabad,https://www.redbus.in/bus-tickets/ongole-to-hyderabad
Bangalore to Tirupati,https://www.redbus.in/bus-tickets/bangalore-to-tirupathi
Macherla (andhra pradesh) to Hyderabad,https://www.redbus.in/bus-tickets/macherla-to-hyderabad
Rajahmundry to Visakhapatnam,https://www.redbus.in/bus-tickets/rajahmundry-to-visakhapatnam
Nandyal to Hyderabad,https://www.redbus.in/bus-tickets/nandyala-to-hyderabad
Bangalore to Kadapa,https://www.redbus.in/bus-tickets/bangalore-to-kadapa
Hyderabad to Ongole,https://www.redbus.in/bus-tickets/hyderabad-to-ongole
Guntur (Andhra Pradesh) to Hyderabad,https://www.redbus.in/bus-tickets/guntur-to-hyderabad
Vijayawada to Visakhapatnam,https://www.redbus.in/bus-tickets/vijayawada-to-visakhapatnam
Rajahmundry to Vijayawada,https://www.redbus.in/bus-tickets/rajahmundry-to-vijayawada
Hyderabad to Kurnool,https://www.redbus.in/bus-tickets/hyderabad-to-kurnool
Bangalore to Chittoor (Andhra Pradesh),https://www.redbus.in/bus-tickets/bangalore-to-chittoor-andhra-pradesh
Kurnool to Hyderabad,https://www.redbus.in/bus-tickets/kurnool-to-hyderabad
Visakhapatnam to Rajahmundry,https://www.redbus.in/bus-tickets/visakhapatnam-to-rajahmundry
Rayachoti to Bangalore,https://www.redbus.in/bus-tickets/rayachoti-to-bangalore
Vinukonda to Hyderabad,https://www.redbus.in/bus-tickets/vinukonda-to-hyderabad
Bangalore to Anantapur (andhra pradesh),https://www.redbus.in/bus-tickets/bangalore-to-ananthapur
Amalapuram to Visakhapatnam,https://www.redbus.in/bus-tickets/amalapuram-to-visakhapatnam
Vijayawada to Tirupati,https://www.redbus.in/bus-tickets/vijayawada-to-tirupathi
Madanapalli to Bangalore,https://www.redbus.in/bus-tickets/madanapalli-to-bangalore
Narasaraopet to Hyderabad,https://www.redbus.in/bus-tickets/narsaraopet-to-hyderabad
Eluru to Hyderabad,https://www.redbus.in/bus-tickets/eluru-to-hyderabad
Visakhapatnam to Amalapuram,https://www.redbus.in/bus-tickets/visakhapatnam-to-amalapuram
Kadiri to Bangalore,https://www.redbus.in/bus-tickets/kadiri-to-bangalore
Chennai to Tirupati,https://www.redbus.in/bus-tickets/chennai-to-tirupathi
Rajahmundry to Hyderabad,https://www.redbus.in/bus-tickets/rajahmundry-to-hyderabad
Kurnool to Vijayawada,https://www.redbus.in/bus-tickets/kurnool-to-vijayawada
Vijayawada to Kurnool,https://www.redbus.in/bus-tickets/vijayawada-to-kurnool
Kakinada to Vijayawada,https://www.redbus.in/bus-tickets/kakinada-to-vijayawada
Bangalore to Madanapalli,https://www.redbus.in/bus-tickets/bangalore-to-madanapalli
Nellore to Bangalore,https://www.redbus.in/bus-tickets/nellore-to-bangalore
Hyderabad to Narasaraopet,https://www.redbus.in/bus-tickets/hyderabad-to-narsaraopet
Hyderabad to Guntur (Andhra Pradesh),https://www.redbus.in/bus-tickets/hyderabad-to-guntur
Bangalore to Kadiri,https://www.redbus.in/bus-tickets/bangalore-to-kadiri
Vijayawada to Rajahmundry,https://www.redbus.in/bus-tickets/vijayawada-to-rajahmundry
Bangalore to Rayachoti,https://www.redbus.in/bus-tickets/bangalore-to-rayachoti
Kurnool to Bangalore,https://www.redbus.in/bus-tickets/kurnool-to-bangalore
Tirupati to Chennai,https://www.redbus.in/bus-tickets/tirupathi-to-chennai
Hyderabad to Anantapur (andhra pradesh),https://www.redbus.in/bus-tickets/hyderabad-to-ananthapur
Anantapur (andhra pradesh) to Hyderabad,https://www.redbus.in/bus-tickets/ananthapur-to-hyderabad
Khammam to Hyderabad,https://www.redbus.in/bus-tickets/khammam-to-hyderabad
Hyderabad to Vijayawada,https://www.redbus.in/bus-tickets/hyderabad-to-vijayawada
Hyderabad to Khammam,https://www.redbus.in/bus-tickets/hyderabad-to-khammam
Hyderabad to Srisailam,https://www.redbus.in/bus-tickets/hyderabad-to-srisailam
Karimnagar to Hyderabad,https://www.redbus.in/bus-tickets/karimnagar-to-hyderabad
Hyderabad to Nirmal,https://www.redbus.in/bus-tickets/hyderabad-to-nirmal
Hyderabad to Mancherial,https://www.redbus.in/bus-tickets/hyderabad-to-mancherial
Hyderabad to Adilabad,https://www.redbus.in/bus-tickets/hyderabad-to-adilabad
Hyderabad to Karimnagar,https://www.redbus.in/bus-tickets/hyderabad-to-karimnagar
Kothagudem to Hyderabad,https://www.redbus.in/bus-tickets/kothagudem-to-hyderabad
Guntur (Andhra Pradesh) to Hyderabad,https://www.redbus.in/bus-tickets/guntur-to-hyderabad
Godavarikhani to Hyderabad,https://www.redbus.in/bus-tickets/godavarikhani-to-hyderabad
Kodad to Hyderabad,https://www.redbus.in/bus-tickets/kodad-to-hyderabad
Hyderabad to Bhadrachalam,https://www.redbus.in/bus-tickets/hyderabad-to-bhadrachalam
Hyderabad to Kothagudem,https://www.redbus.in/bus-tickets/hyderabad-to-kothagudem
Jagityal to Hyderabad,https://www.redbus.in/bus-tickets/jagityal-to-hyderabad
Hyderabad to Kurnool,https://www.redbus.in/bus-tickets/hyderabad-to-kurnool
Hyderabad to Sathupally,https://www.redbus.in/bus-tickets/hyderabad-to-sathupalli
Hyderabad to Armoor,https://www.redbus.in/bus-tickets/hyderabad-to-armoor
Hyderabad to Godavarikhani,https://www.redbus.in/bus-tickets/hyderabad-to-godavarikhani
Hyderabad to Anantapur (andhra pradesh),https://www.redbus.in/bus-tickets/hyderabad-to-ananthapur
Hyderabad to Warangal,https://www.redbus.in/bus-tickets/hyderabad-to-warangal
Hyderabad to Ongole,https://www.redbus.in/bus-tickets/hyderabad-to-ongole
Hyderabad to Guntur (Andhra Pradesh),https://www.redbus.in/bus-tickets/hyderabad-to-guntur
Kadapa to Hyderabad,https://www.redbus.in/bus-tickets/kadapa-to-hyderabad
Hyderabad to Tirupati,https://www.redbus.in/bus-tickets/hyderabad-to-tirupathi
Bangalore to Kozhikode,https://www.redbus.in/bus-tickets/bangalore-to-kozhikode
Kozhikode to Ernakulam,https://www.redbus.in/bus-tickets/kozhikode-to-ernakulam
Kozhikode to Bangalore,https://www.redbus.in/bus-tickets/kozhikode-to-bangalore
Ernakulam to Kozhikode,https://www.redbus.in/bus-tickets/ernakulam-to-kozhikode
Kozhikode to Mysore,https://www.redbus.in/bus-tickets/kozhikode-to-mysore
Kozhikode to Thiruvananthapuram,https://www.redbus.in/bus-tickets/kozhikode-to-thiruvananthapuram
Bangalore to Kalpetta (kerala),https://www.redbus.in/bus-tickets/bangalore-to-kalpetta
Mysore to Kozhikode,https://www.redbus.in/bus-tickets/mysore-to-kozhikode
Kalpetta (kerala) to Bangalore,https://www.redbus.in/bus-tickets/kalpetta-to-bangalore
Kozhikode to Thrissur,https://www.redbus.in/bus-tickets/kozhikode-to-thrissur
Thiruvananthapuram to Kozhikode,https://www.redbus.in/bus-tickets/thiruvananthapuram-to-kozhikode
Bangalore to Kannur,https://www.redbus.in/bus-tickets/bangalore-to-kannur
Kozhikode to Kottayam,https://www.redbus.in/bus-tickets/kozhikode-to-kottayam
Kannur to Bangalore,https://www.redbus.in/bus-tickets/kannur-to-bangalore
Kottayam to Kozhikode,https://www.redbus.in/bus-tickets/kottayam-to-kozhikode
Thrissur to Kozhikode,https://www.redbus.in/bus-tickets/thrissur-to-kozhikode
Kozhikode to Kalpetta (kerala),https://www.redbus.in/bus-tickets/kozhikode-to-kalpetta
Coimbatore to Ooty,https://www.redbus.in/bus-tickets/coimbatore-to-ooty
Kalpetta (kerala) to Kozhikode,https://www.redbus.in/bus-tickets/kalpetta-to-kozhikode
Burdwan to Kolkata,https://www.redbus.in/bus-tickets/burdwan-to-kolkata
Kolkata to Burdwan,https://www.redbus.in/bus-tickets/kolkata-to-burdwan
Durgapur (West Bengal) to Kolkata,https://www.redbus.in/bus-tickets/durgapur-to-kolkata
Kolkata to Haldia,https://www.redbus.in/bus-tickets/kolkata-to-haldia
Haldia to Kolkata,https://www.redbus.in/bus-tickets/haldia-to-kolkata
Kolkata to Durgapur (West Bengal),https://www.redbus.in/bus-tickets/kolkata-to-durgapur
Kolkata to Arambagh (West Bengal),https://www.redbus.in/bus-tickets/kolkata-to-arambagh-west-bengal
Digha to Kolkata,https://www.redbus.in/bus-tickets/digha-to-kolkata
Kolkata to Digha,https://www.redbus.in/bus-tickets/kolkata-to-digha
Kolkata to Bankura,https://www.redbus.in/bus-tickets/kolkata-to-bankura
Asansol (West Bengal) to Kolkata,https://www.redbus.in/bus-tickets/asansol-to-kolkata
Midnapore to Kolkata,https://www.redbus.in/bus-tickets/midnapore-to-kolkata
Kolkata to Asansol (West Bengal),https://www.redbus.in/bus-tickets/kolkata-to-asansol
Kolkata to Siliguri,https://www.redbus.in/bus-tickets/kolkata-to-siliguri
Kolkata to Nimtouri,https://www.redbus.in/bus-tickets/kolkata-to-nimtouri
Siliguri to Kolkata,https://www.redbus.in/bus-tickets/siliguri-to-kolkata
Kolkata to Contai (Kanthi),https://www.redbus.in/bus-tickets/kolkata-to-contai-kanthi
Digha to Durgapur (West Bengal),https://www.redbus.in/bus-tickets/digha-to-durgapur
Kolkata to Midnapore,https://www.redbus.in/bus-tickets/kolkata-to-midnapore
Kolkata to Nandakumar (west bengal),https://www.redbus.in/bus-tickets/kolkata-to-nandakumar
Kolkata to Mecheda (West Bengal),https://www.redbus.in/bus-tickets/kolkata-to-mecheda-west-bengal
Durgapur (West Bengal) to Digha,https://www.redbus.in/bus-tickets/durgapur-to-digha
Kolkata to Kolaghat,https://www.redbus.in/bus-tickets/kolkata-to-kolaghat
Jhargram to Kolkata,https://www.redbus.in/bus-tickets/jhargram-to-kolkata
Digha to Barasat (West Bengal),https://www.redbus.in/bus-tickets/digha-to-barasat-west-bengal
Durgapur (West Bengal) to Siliguri,https://www.redbus.in/bus-tickets/durgapur-to-siliguri
Midnapore to Barasat (West Bengal),https://www.redbus.in/bus-tickets/midnapore-to-barasat-west-bengal
Kolkata to Heria,https://www.redbus.in/bus-tickets/kolkata-to-heria
Kolkata to Chandipur (West Bengal),https://www.redbus.in/bus-tickets/kolkata-to-chandipur-west-bengal
Siliguri to Durgapur (West Bengal),https://www.redbus.in/bus-tickets/siliguri-to-durgapur
Berhampore (West Bengal) to Durgapur (West Bengal),https://www.redbus.in/bus-tickets/berhampore-to-durgapur
Berhampore (West Bengal) to Suri,https://www.redbus.in/bus-tickets/berhampore-to-suri
Barasat (West Bengal) to Digha,https://www.redbus.in/bus-tickets/barasat-west-bengal-to-digha
Kolkata to Futishanko,https://www.redbus.in/bus-tickets/kolkata-to-futishanko
Barasat (West Bengal) to Midnapore,https://www.redbus.in/bus-tickets/barasat-west-bengal-to-midnapore
Durgapur (West Bengal) to Berhampore (West Bengal),https://www.redbus.in/bus-tickets/durgapur-to-berhampore
Durgapur (West Bengal) to Malda,https://www.redbus.in/bus-tickets/durgapur-to-malda
Digha to Asansol (West Bengal),https://www.redbus.in/bus-tickets/digha-to-asansol
Kolkata to Ramnagar (West Bengal),https://www.redbus.in/bus-tickets/kolkata-to-ramnagar-west-bengal
Kolkata to Bajkul (West Bengal),https://www.redbus.in/bus-tickets/kolkata-to-bajkul-west-bengal
Kolkata to Kirnahar (West Bengal),https://www.redbus.in/bus-tickets/kolkata-to-kirnahar-west-bengal
Durgapur (West Bengal) to Bankura,https://www.redbus.in/bus-tickets/durgapur-to-bankura
Siliguri to Malda,https://www.redbus.in/bus-tickets/siliguri-to-malda
Kolkata to Suri,https://www.redbus.in/bus-tickets/kolkata-to-suri
Purulia to Durgapur (West Bengal),https://www.redbus.in/bus-tickets/purulia-to-durgapur
Kolkata to Digha,https://www.redbus.in/bus-tickets/kolkata-to-digha
Digha to Kolkata,https://www.redbus.in/bus-tickets/digha-to-kolkata
Mandarmani to Kolkata,https://www.redbus.in/bus-tickets/mandarmani-to-kolkata
Kolkata to Mandarmani,https://www.redbus.in/bus-tickets/kolkata-to-mandarmani
Kolkata to Bakkhali,https://www.redbus.in/bus-tickets/kolkata-to-bakkhali
Patna (Bihar) to Bettiah,https://www.redbus.in/bus-tickets/patna-to-bettiah
Gopalganj (Bihar) to Delhi,https://www.redbus.in/bus-tickets/gopalganj-to-delhi
Patna (Bihar) to Motihari,https://www.redbus.in/bus-tickets/patna-to-motihari
Delhi to Motihari,https://www.redbus.in/bus-tickets/delhi-to-motihari
Bettiah to Patna (Bihar),https://www.redbus.in/bus-tickets/bettiah-to-patna
Motihari to Delhi,https://www.redbus.in/bus-tickets/motihari-to-delhi
Patna (Bihar) to Balmiki Nagar (bihar),https://www.redbus.in/bus-tickets/patna-to-balmiki-nagar-bihar
Balmiki Nagar (bihar) to Patna (Bihar),https://www.redbus.in/bus-tickets/balmiki-nagar-bihar-to-patna
Patna (Bihar) to Kathmandu,https://www.redbus.in/bus-tickets/patna-to-kathmandu
Patna (Bihar) to Katihar,https://www.redbus.in/bus-tickets/patna-to-katihar
Patna (Bihar) to Purnea,https://www.redbus.in/bus-tickets/patna-to-purnea
Patna (Bihar) to Hazaribagh,https://www.redbus.in/bus-tickets/patna-to-hazaribagh
Ranchi to Patna (Bihar),https://www.redbus.in/bus-tickets/ranchi-to-patna
Hazaribagh to Patna (Bihar),https://www.redbus.in/bus-tickets/hazaribagh-to-patna
Patna (Bihar) to Raxaul,https://www.redbus.in/bus-tickets/patna-to-raxaul
Muzaffarpur (Bihar) to Kathmandu,https://www.redbus.in/bus-tickets/muzaffarpur-to-kathmandu
Patna (Bihar) to Ranchi,https://www.redbus.in/bus-tickets/patna-to-ranchi
Muzaffarpur (Bihar) to Ranchi,https://www.redbus.in/bus-tickets/muzaffarpur-to-ranchi
Kathmandu to Patna (Bihar),https://www.redbus.in/bus-tickets/kathmandu-to-patna
Ranchi to Muzaffarpur (Bihar),https://www.redbus.in/bus-tickets/ranchi-to-muzaffarpur
Motihari to Lucknow,https://www.redbus.in/bus-tickets/motihari-to-lucknow
Lucknow to Motihari,https://www.redbus.in/bus-tickets/lucknow-to-motihari
Motihari to Kathmandu,https://www.redbus.in/bus-tickets/motihari-to-kathmandu
Agra to Motihari,https://www.redbus.in/bus-tickets/agra-to-motihari
Patna (Bihar) to Janakpur (Nepal),https://www.redbus.in/bus-tickets/patna-to-janakpur-nepal
Muzaffarpur (Bihar) to Hazaribagh,https://www.redbus.in/bus-tickets/muzaffarpur-to-hazaribagh
Purnea to Patna (Bihar),https://www.redbus.in/bus-tickets/purnea-to-patna
Patna (Bihar) to Araria (Bihar),https://www.redbus.in/bus-tickets/patna-to-araria
Darbhanga to Patna (Bihar),https://www.redbus.in/bus-tickets/darbhanga-to-patna
Patna (Bihar) to Saharsa,https://www.redbus.in/bus-tickets/patna-to-saharsa
Motihari to Agra,https://www.redbus.in/bus-tickets/motihari-to-agra
Hajipur (Bihar) to Kathmandu,https://www.redbus.in/bus-tickets/hajipur-to-kathmandu
Kathmandu to Motihari,https://www.redbus.in/bus-tickets/kathmandu-to-motihari
Patna (Bihar) to Forbesganj,https://www.redbus.in/bus-tickets/patna-to-forbesganj
Ranchi to Hajipur (Bihar),https://www.redbus.in/bus-tickets/ranchi-to-hajipur
Lucknow to Gopalganj (Bihar),https://www.redbus.in/bus-tickets/lucknow-to-gopalganj
Delhi to Shimla,https://www.redbus.in/bus-tickets/delhi-to-shimla
Shimla to Delhi,https://www.redbus.in/bus-tickets/shimla-to-delhi
Manali to Chandigarh,https://www.redbus.in/bus-tickets/manali-to-chandigarh
Chandigarh to Manali,https://www.redbus.in/bus-tickets/chandigarh-to-manali
Delhi to Manali,https://www.redbus.in/bus-tickets/delhi-to-manali
Hamirpur (Himachal Pradesh) to Chandigarh,https://www.redbus.in/bus-tickets/hamirpur-himachal-pradesh-to-chandigarh
Delhi to Hamirpur (Himachal Pradesh),https://www.redbus.in/bus-tickets/delhi-to-hamirpur-himachal-pradesh
Delhi to Chandigarh,https://www.redbus.in/bus-tickets/delhi-to-chandigarh
Manali to Delhi,https://www.redbus.in/bus-tickets/manali-to-delhi
Hamirpur (Himachal Pradesh) to Delhi,https://www.redbus.in/bus-tickets/hamirpur-himachal-pradesh-to-delhi
Chandigarh to Hamirpur (Himachal Pradesh),https://www.redbus.in/bus-tickets/chandigarh-to-hamirpur-himachal-pradesh
Shimla to Manali,https://www.redbus.in/bus-tickets/shimla-to-manali
Delhi to Dharamshala (Himachal Pradesh),https://www.redbus.in/bus-tickets/delhi-to-dharamshala
Shimla to Chandigarh,https://www.redbus.in/bus-tickets/shimla-to-chandigarh
Chandigarh to Dharamshala (Himachal Pradesh),https://www.redbus.in/bus-tickets/chandigarh-to-dharamshala
Delhi to Baddi (Himachal Pradesh),https://www.redbus.in/bus-tickets/delhi-to-baddi-himachal-pradesh
Dharamshala (Himachal Pradesh) to Chandigarh,https://www.redbus.in/bus-tickets/dharamshala-to-chandigarh
Chamba (Himachal Pradesh) to Chandigarh,https://www.redbus.in/bus-tickets/chamba-himachal-pradesh-to-chandigarh
Delhi to Dalhousie,https://www.redbus.in/bus-tickets/delhi-to-dalhousie
Delhi to Chamba (Himachal Pradesh),https://www.redbus.in/bus-tickets/delhi-to-chamba-himachal-pradesh
Dalhousie to Delhi,https://www.redbus.in/bus-tickets/dalhousie-to-delhi
Solan to Delhi,https://www.redbus.in/bus-tickets/solan-to-delhi
Delhi to Palampur,https://www.redbus.in/bus-tickets/delhi-to-palampur
Dharamshala (Himachal Pradesh) to Delhi,https://www.redbus.in/bus-tickets/dharamshala-to-delhi
Delhi to Solan,https://www.redbus.in/bus-tickets/delhi-to-solan
Chandigarh to Reckong Peo (Himachal Pradesh),https://www.redbus.in/bus-tickets/chandigarh-to-reckong-peo-himachal-pradesh
Manali to Shimla,https://www.redbus.in/bus-tickets/manali-to-shimla
Palampur to Delhi,https://www.redbus.in/bus-tickets/palampur-to-delhi
Chandigarh to Kullu,https://www.redbus.in/bus-tickets/chandigarh-to-kullu
Kangra to Chandigarh,https://www.redbus.in/bus-tickets/kangra-to-chandigarh
Kullu to Chandigarh,https://www.redbus.in/bus-tickets/kullu-to-chandigarh
Delhi to Kangra,https://www.redbus.in/bus-tickets/delhi-to-kangra
Chamba (Himachal Pradesh) to Delhi,https://www.redbus.in/bus-tickets/chamba-himachal-pradesh-to-delhi
Palampur to Chandigarh,https://www.redbus.in/bus-tickets/palampur-to-chandigarh
Chandigarh to Shimla,https://www.redbus.in/bus-tickets/chandigarh-to-shimla
Chandigarh to Kangra,https://www.redbus.in/bus-tickets/chandigarh-to-kangra
Delhi to Nalagarh,https://www.redbus.in/bus-tickets/delhi-to-nalagarh
Baddi (Himachal Pradesh) to Delhi,https://www.redbus.in/bus-tickets/baddi-himachal-pradesh-to-delhi
Kangra to Delhi,https://www.redbus.in/bus-tickets/kangra-to-delhi
Ghumarwin to Delhi,https://www.redbus.in/bus-tickets/ghumarwin-to-delhi
Delhi to Sarkaghat,https://www.redbus.in/bus-tickets/delhi-to-sarkaghat
Jodhpur to Ajmer,https://www.redbus.in/bus-tickets/jodhpur-to-ajmer
Beawar (Rajasthan) to Jaipur (Rajasthan),https://www.redbus.in/bus-tickets/beawer-to-jaipur
Udaipur to Jodhpur,https://www.redbus.in/bus-tickets/udaipur-to-jodhpur
Jaipur (Rajasthan) to Jodhpur,https://www.redbus.in/bus-tickets/jaipur-to-jodhpur
Sikar to Jaipur (Rajasthan),https://www.redbus.in/bus-tickets/sikar-to-jaipur
Kishangarh to Jaipur (Rajasthan),https://www.redbus.in/bus-tickets/kishangarh-to-jaipur
Aligarh (uttar pradesh) to Jaipur (Rajasthan),https://www.redbus.in/bus-tickets/aligarh-uttar-pradesh-to-jaipur
Jodhpur to Beawar (Rajasthan),https://www.redbus.in/bus-tickets/jodhpur-to-beawer
Kota(Rajasthan) to Jaipur (Rajasthan),https://www.redbus.in/bus-tickets/kota-rajasthan-to-jaipur
Jaipur (Rajasthan) to Aligarh (uttar pradesh),https://www.redbus.in/bus-tickets/jaipur-to-aligarh-uttar-pradesh
Jaipur (Rajasthan) to Kota(Rajasthan),https://www.redbus.in/bus-tickets/jaipur-to-kota-rajasthan
Pali (Rajasthan) to Udaipur,https://www.redbus.in/bus-tickets/pali-to-udaipur
Udaipur to Pali (Rajasthan),https://www.redbus.in/bus-tickets/udaipur-to-pali-rajasthan
Sikar to Bikaner,https://www.redbus.in/bus-tickets/sikar-to-bikaner
Jaipur (Rajasthan) to Bharatpur,https://www.redbus.in/bus-tickets/jaipur-to-bharatpur
Kishangarh to Jodhpur,https://www.redbus.in/bus-tickets/kishangarh-to-jodhpur
Jaipur (Rajasthan) to Bhilwara,https://www.redbus.in/bus-tickets/jaipur-to-bhilwara
Kota(Rajasthan) to Udaipur,https://www.redbus.in/bus-tickets/kota-rajasthan-to-udaipur
Jaipur (Rajasthan) to Pilani,https://www.redbus.in/bus-tickets/jaipur-to-pilani
Jaipur (Rajasthan) to Mathura,https://www.redbus.in/bus-tickets/jaipur-to-mathura
Bikaner to Sikar,https://www.redbus.in/bus-tickets/bikaner-to-sikar
Patiala to Delhi,https://www.redbus.in/bus-tickets/patiala-to-delhi
Delhi to Patiala,https://www.redbus.in/bus-tickets/delhi-to-patiala
Ludhiana to Delhi,https://www.redbus.in/bus-tickets/ludhiana-to-delhi
Delhi to Ludhiana,https://www.redbus.in/bus-tickets/delhi-to-ludhiana
Phagwara to Delhi,https://www.redbus.in/bus-tickets/phagwara-to-delhi
Jalandhar to Delhi,https://www.redbus.in/bus-tickets/jalandhar-to-delhi
Delhi to Jalandhar,https://www.redbus.in/bus-tickets/delhi-to-jalandhar
Patiala to Delhi Airport,https://www.redbus.in/bus-tickets/patiala-to-delhi-airport
Jalandhar to Delhi Airport,https://www.redbus.in/bus-tickets/jalandhar-to-delhi-airport
Ludhiana to Delhi Airport,https://www.redbus.in/bus-tickets/ludhiana-to-delhi-airport
Phagwara to Delhi Airport,https://www.redbus.in/bus-tickets/phagwara-to-delhi-airport
Delhi Airport to Ludhiana,https://www.redbus.in/bus-tickets/delhi-airport-to-ludhiana
Delhi to Phagwara,https://www.redbus.in/bus-tickets/delhi-to-phagwara
Delhi to Amritsar,https://www.redbus.in/bus-tickets/delhi-to-amritsar
Amritsar to Delhi,https://www.redbus.in/bus-tickets/amritsar-to-delhi
Delhi Airport to Patiala,https://www.redbus.in/bus-tickets/delhi-airport-to-patiala
Amritsar to Delhi Airport,https://www.redbus.in/bus-tickets/amritsar-to-delhi-airport
Kapurthala to Delhi,https://www.redbus.in/bus-tickets/kapurthala-to-delhi
Delhi Airport to Jalandhar,https://www.redbus.in/bus-tickets/delhi-airport-to-jalandhar
Chandigarh to Bathinda,https://www.redbus.in/bus-tickets/chandigarh-to-bathinda
Chandigarh to Faridkot,https://www.redbus.in/bus-tickets/chandigarh-to-faridkot
Chandigarh to Patiala,https://www.redbus.in/bus-tickets/chandigarh-to-patiala
Tezpur to Guwahati,https://www.redbus.in/bus-tickets/tezpur-to-guwahati
Guwahati to Tezpur,https://www.redbus.in/bus-tickets/guwahati-to-tezpur
Nagaon (Assam) to Guwahati,https://www.redbus.in/bus-tickets/nagaon-to-guwahati
Guwahati to Nagaon (Assam),https://www.redbus.in/bus-tickets/guwahati-to-nagaon
Goalpara to Guwahati,https://www.redbus.in/bus-tickets/goalpara-to-guwahati
Jorhat to North Lakhimpur,https://www.redbus.in/bus-tickets/jorhat-to-north-lakhimpur
Dhubri to Guwahati,https://www.redbus.in/bus-tickets/dhubri-to-guwahati
Guwahati to Dhubri,https://www.redbus.in/bus-tickets/guwahati-to-dhubri
North Lakhimpur to Sibsagar,https://www.redbus.in/bus-tickets/north-lakhimpur-to-sibsagar
North Lakhimpur to Jorhat,https://www.redbus.in/bus-tickets/north-lakhimpur-to-jorhat
Dhekiajuli to Guwahati,https://www.redbus.in/bus-tickets/dhekiajuli-to-guwahati
Jorhat to Dibrugarh,https://www.redbus.in/bus-tickets/jorhat-to-dibrugarh
Jorhat to Dhemaji,https://www.redbus.in/bus-tickets/jorhat-to-dhemaji
Sibsagar to North Lakhimpur,https://www.redbus.in/bus-tickets/sibsagar-to-north-lakhimpur
Dhemaji to Jorhat,https://www.redbus.in/bus-tickets/dhemaji-to-jorhat
Tezpur to Dibrugarh,https://www.redbus.in/bus-tickets/tezpur-to-dibrugarh
Haflong to Guwahati,https://www.redbus.in/bus-tickets/haflong-to-guwahati
North Lakhimpur to Dibrugarh,https://www.redbus.in/bus-tickets/north-lakhimpur-to-dibrugarh
Jorhat to Tinsukia,https://www.redbus.in/bus-tickets/jorhat-to-tinsukia
Dibrugarh to Tezpur,https://www.redbus.in/bus-tickets/dibrugarh-to-tezpur
Guwahati to Biswanath Charali,https://www.redbus.in/bus-tickets/guwahati-to-biswanath-charali
Guwahati to Haflong,https://www.redbus.in/bus-tickets/guwahati-to-haflong
Dibrugarh to North Lakhimpur,https://www.redbus.in/bus-tickets/dibrugarh-to-north-lakhimpur
Nagaon (Assam) to Haflong,https://www.redbus.in/bus-tickets/nagaon-to-haflong
Tezpur to Moran,https://www.redbus.in/bus-tickets/tezpur-to-moran
Dibrugarh to Jorhat,https://www.redbus.in/bus-tickets/dibrugarh-to-jorhat
Guwahati to Silchar,https://www.redbus.in/bus-tickets/guwahati-to-silchar
Bihpuria to Dibrugarh,https://www.redbus.in/bus-tickets/bihpuria-to-dibrugarh
Haflong to Nagaon (Assam),https://www.redbus.in/bus-tickets/haflong-to-nagaon
North Lakhimpur to Tezpur,https://www.redbus.in/bus-tickets/north-lakhimpur-to-tezpur
Biswanath Charali to Guwahati,https://www.redbus.in/bus-tickets/biswanath-charali-to-guwahati
Biswanath Charali to Dibrugarh,https://www.redbus.in/bus-tickets/biswanath-charali-to-dibrugarh
Tinsukia to Jorhat,https://www.redbus.in/bus-tickets/tinsukia-to-jorhat
Moran to Tezpur,https://www.redbus.in/bus-tickets/moran-to-tezpur
Jorhat to Gogamukh,https://www.redbus.in/bus-tickets/jorhat-to-gogamukh
Dibrugarh to Biswanath Charali,https://www.redbus.in/bus-tickets/dibrugarh-to-biswanath-charali
Gohpur to Guwahati,https://www.redbus.in/bus-tickets/gohpur-to-guwahati
Tinsukia to Tezpur,https://www.redbus.in/bus-tickets/tinsukia-to-tezpur
North Lakhimpur to Golaghat,https://www.redbus.in/bus-tickets/north-lakhimpur-to-golaghat
Golaghat to North Lakhimpur,https://www.redbus.in/bus-tickets/golaghat-to-north-lakhimpur
Silchar to Guwahati,https://www.redbus.in/bus-tickets/silchar-to-guwahati
Bokakhat to Dibrugarh,https://www.redbus.in/bus-tickets/bokakhat-to-dibrugarh
North Lakhimpur to Moran,https://www.redbus.in/bus-tickets/north-lakhimpur-to-moran
Tezpur to North Lakhimpur,https://www.redbus.in/bus-tickets/tezpur-to-north-lakhimpur
Tezpur to Tinsukia,https://www.redbus.in/bus-tickets/tezpur-to-tinsukia
Dibrugarh to Bihpuria,https://www.redbus.in/bus-tickets/dibrugarh-to-bihpuria
Dibrugarh to Bokakhat,https://www.redbus.in/bus-tickets/dibrugarh-to-bokakhat
